n	University	Economy	Overall	Teaching	Research	International Diversity	Financial Sustainability
324	Aalborg University	Denmark	48.893	40.635	48.456	66,89	52.517
95	Aarhus University	Denmark	75.718	68.684	79.046	68.529	76.543
313	Aberystwyth University	UK	50.336	32.522	58,38	72.042	54.402
480	Adam Mickiewicz University	Poland	32.192	42.242	22.575	20.756	32.556
256	Agricultural University of Athens	Greece	57.152	64.291	51.879	32.801	57,67
544	Ain Shams University	Egypt	20.883	19.177	20.433	22.921	21.695
445	Al-Farabi Kazakh National University	Kazakhstan	36.713	51.838	21.598	48.111	11.325
327	Aligarh Muslim University	India	48,57	78.143	26.815	9.995	40.301
390	American University	USA	43,21	41.148	39.561	40.627	58,37
398	Ankara University	Turkey	41.474	61.596	23.684	25.052	35.562
233	Arizona State University	USA	60.441	45.737	73.404	46.961	64.594
561	Asia University (Taiwan)	Taiwan	14.658	4.989	18.022	16.346	37.129
555	Astana Medical University	Kazakhstan	17,86	36.279	2,84	10.946	3.897
339	Aston University	UK	47.228	30.386	51.643	79.829	52.016
546	Ateneo of Manila University	Philippines	20.503	29.402	6.506	42.904	11.356
277	Auburn University	USA	54.774	55.629	52.414	29.237	73.074
482	Auckland University of Technology	New Zealand	32.118	32.102	20.396	71.705	30.219
61	Australian National University	Australia	80.075	63.336	84.711	96.049	91,73
225	Autonomous University of Barcelona	Spain	61.095	65.066	54.357	60.806	54.173
284	Autonomous University of Madrid	Spain	54.044	56.617	49.352	53.654	46.584
529	Autonomous University of Mexico State	Mexico	23.392	23.442	20.476	21.988	30,56
247	Aveiro University	Portugal	58.079	54.538	58.596	57.761	53.543
538	Babes-Bolyai University	Romania	21.901	21.437	18.114	26.664	28.836
330	Bangor University	UK	48.305	36.478	51.638	57.339	61.512
491	Belarusian State University	Belarus	30.835	41.634	14.112	43.079	33.709
414	Ben-Gurion University of the Negev	Israel	39.794	31.231	40.355	49,11	53.111
239	Bielefeld University	Germany	59.614	63.877	52.862	59.143	52.087
370	Bilkent University	Turkey	44.593	51.254	32.871	46,24	51.252
221	Birkbeck, University of London	UK	61.546	53.344	62.473	85.718	47.493
540	Birla Institute of Technology & Science, Pilani	India	21.737	22.951	19,78	12,78	28.295
368	Bogazici University	Turkey	44.723	42.082	42.578	47.853	48.621
462	Bond University	Australia	34.716	36.868	18.443	72.153	45.295
278	Boston College	USA	54.641	58.557	45.481	56.583	58.576
16	Boston University	USA	89.648	90.491	91.648	60.859	80.405
226	Brandeis University	USA	61.091	56,56	61.286	47.664	76.613
360	Brunel University	UK	45.792	33.574	45.638	78.728	50.291
509	Ca' Foscari University of Venice	Italy	27.589	23,22	26.015	31.419	41.631
512	Cairo University	Egypt	27.286	26.304	25.984	29.669	26.204
2	California Institute of Technology	USA	99.077	99.778	97.283	77.373	96.708
558	California State University, Long Beach	USA	16,01	10.473	14.592	22.007	35,95
562	Can Tho University	Vietnam	13.631	12.504	8.583	24.405	25.209
192	Cardiff University	UK	65,05	54.891	67.522	74.442	68.669
32	Carnegie Mellon University	USA	84.646	80.338	84.527	73.086	90,76
105	Chalmers University of Technology	Sweden	74.818	69.972	76.139	65.296	77.694
402	Chang Gung University	Taiwan	41.017	38.422	39.751	8.015	83.198
342	Charles Darwin University	Australia	47,13	29.592	55.504	46.211	75.308
451	Charles III University of Madrid	Spain	35.704	44.396	23.757	39.857	34.057
245	Charles University in Prague	Czech Republic	58.417	76.955	36.683	63.078	48.272
236	Chiba University	Japan	59.924	63.625	58.405	29.711	64.895
302	China Agricultural University	China	51.818	65.507	42.087	16.196	57.209
458	China Medical University (Taiwan)	Taiwan	35.175	20.972	42.208	18.743	75,76
473	Chonbuk National University	Republic of Korea	33.316	37,83	24.932	23.471	51.361
411	Chulalongkorn University	Thailand	40.049	51,62	25.589	39.031	41.129
535	Chung Yuan Christian University	Taiwan	22.962	8.549	32.409	13,83	49.058
488	Chung-Ang University	Republic of Korea	31.296	27.317	21.586	44.048	69.375
472	Chungnam National University	Republic of Korea	33.649	34.072	30.153	16.724	56.128
273	City University of Hong Kong	Hong Kong	55.304	42.807	55.545	68.449	78.808
320	City University of London	UK	49.299	46.895	40.076	81.797	49.512
265	Clark University	USA	55,94	51.528	56.375	52.456	60.096
345	Clemson University	USA	46,82	42.697	46.222	34,35	67.611
160	College of William & Mary	USA	67,86	73.748	64.053	37.112	71,28
106	Colorado School of Mines	USA	74.735	63.033	82.236	67.757	78.011
241	Colorado State University	USA	59.337	46.623	70.452	33.655	77.074
5	Columbia University	USA	94.947	96.376	92.383	82.722	83,22
440	Comenius University in Bratislava	Slovakia	37.166	56.743	16.107	33.042	36.071
387	Complutense University of Madrid	Spain	43.448	55.882	29.375	46.296	33,28
484	Concordia University	Canada	31.822	18.777	28.026	77.564	46.689
18	Cornell University	USA	89.328	80.566	93.621	74.341	98,17
479	Corvinus University of Budapest	Hungary	32.216	45.295	17.333	42,93	17.415
533	Coventry University	UK	23.189	10.768	18.714	69.843	40,08
223	Creighton University	USA	61.106	76.771	48.845	28.628	62.366
340	Curtin University of Technology	Australia	47,18	31.886	50.316	86.951	42.505
139	Dalhousie University	Canada	71,28	58.797	79,56	60.836	79.682
406	Dalian University of Technology	China	40.565	47.662	33.146	18.394	54.045
167	Darmstadt University of Technology	Germany	67.387	77.683	49.901	86.355	56.501
79	Dartmouth College	USA	77.337	75.178	78.696	49.724	87.507
519	De Montfort University	UK	26.136	16.717	25.143	57.267	30,02
386	Deakin University	Australia	43.462	23.092	51.742	69.978	54.981
60	Delft University of Technology	Netherlands	80.142	73.203	81.934	75.426	83.254
191	Dresden University of Technology	Germany	65.162	70.752	58,1	67.923	47.458
201	Drexel University	USA	64	73,13	50.994	60.846	64.334
274	Dublin City University	Ireland	55.231	41.607	60.424	66.226	63,73
504	Dublin Institute of Technology	Ireland	28.235	20.882	24.303	60.379	34.227
58	Duke University	USA	80.538	82.491	75.143	67.213	85.328
157	Durham University	UK	68,3	53.682	75.199	83.015	65.058
422	East Carolina University	USA	39.409	39.384	38.773	22.841	48.569
377	East China Normal University	China	44.146	60.612	29.098	23.523	46.442
136	Eberhard Karls University, Tubingen	Germany	72.024	79.837	63.024	71.636	54.313
27	Ecole Polytechnic	France	85.518	86.123	77.153	94.538	82.982
6	Ecole Polytechnique Federale de Lausanne	Switzerland	94.936	98.881	86.385	100	79.316
486	Edith Cowan University	Australia	31.763	12.232	36.007	71.831	46.203
69	Eindhoven University of Technology	Netherlands	78.602	77.572	75.792	62.944	88.604
91	Erasmus University Rotterdam	Netherlands	76.508	67.397	83.926	74.305	62.224
9	ETH Zurich (Swiss Federal Institute of Technology)	Switzerland	94.244	94.262	87.516	96.438	91.866
372	Ewha Womans University	Republic of Korea	44.506	49.926	36.826	31.268	55.388
393	Federal University of Vicosa	Brazil	42.346	60.165	27,87	9.958	49.837
536	Federico Santa María Technical University	Chile	22.329	16.683	20.259	36.163	34.791
316	Flinders University	Australia	50.191	32.868	57.577	64.837	63.143
291	Florida Institute of Technology	USA	53.097	50.326	47.175	68.672	57.959
371	Florida International University	USA	44,52	39.667	43.808	31.564	70.465
133	Free University of Berlin	Germany	72.241	60.048	80.132	70.886	70,37
255	Free University of Brussels	Belgium	57.308	51.647	58.461	51.377	66.286
125	Fudan University	China	73.044	84.286	61,4	62.415	63.029
275	George Mason University	USA	55	55.566	49.458	58.029	56.477
68	Georgetown University	USA	78.715	84.692	74.302	46.883	82.187
40	Georgia Institute of Technology	USA	83.236	71.091	88.358	80.758	91.548
171	Ghent University	Belgium	67.015	52.913	76.351	52.694	83.824
518	Glasgow Caledonian University	UK	26.312	14.518	30.922	41,08	34.132
361	Goldsmiths College	UK	45.731	43.977	38.771	68.882	44.414
432	Griffith University	Australia	38.027	25.167	35.179	78,7	51.491
314	Hacettepe University	Turkey	50.262	52.299	48,86	30.018	54.115
331	Hanyang University	Republic of Korea	48.211	44.016	44.806	50.223	65.185
262	Harbin Institute of Technology	China	56.114	78.011	35.259	28.955	63.555
1	Harvard University	USA	100	96.878	100	84.171	100
118	Hebrew University of Jerusalem	Israel	73.621	64,84	78.556	66.916	75.244
363	HEC Paris	France	45.506	29.479	42.653	94.994	61.112
290	Heriot-Watt University	UK	53,22	47.593	46.029	78.496	65.926
229	Hiroshima University	Japan	60.901	71.101	53.227	26.845	68.231
408	Hitotsubashi University	Japan	40.246	55.359	20.839	45.249	40.739
120	Hokkaido University	Japan	73.464	85.683	66.815	29.563	73.941
389	Hong Kong Baptist University	Hong Kong	43.374	35.342	40.551	54.038	67.022
301	Hong Kong Polytechnic University	Hong Kong	51.963	35.116	55,22	70.272	76.886
315	Huazhong University of Science and Technology (HUST)	China	50.257	65.654	39.982	15.144	50.206
134	Humboldt University of Berlin	Germany	72.196	62.663	75.867	69.057	79.482
502	Hunan University	China	28.366	29.482	28.722	6,36	37.535
175	Indian Institute of Technology, Delhi	India	66.663	84.061	53.079	19.775	80.669
478	Indian Institute of Technology, Guwahati	India	32.411	49.941	12.026	5.942	64.755
178	Indian Institute of Technology, Kharagpur	India	66.396	77.117	59,14	16.505	85.725
237	Indian Institute of Technology, Madras	India	59.777	79.448	45.325	20.225	61,13
311	Indian Institute of Technology, Roorkee	India	50.493	69.028	36.847	8.615	59.087
97	Indiana University	USA	75.659	77.424	74,21	61,09	66.244
489	Inha University	Republic of Korea	31.146	19.481	31.286	28.015	77.718
514	Interdisciplinary Center, Herzliya	Israel	26.859	35.641	8,22	57.644	27,89
202	Iowa State University	USA	63.676	53.401	70.246	45.568	80.978
464	Isfahan University of Technology	Iran	34.589	33,76	33.782	17.796	50.061
326	Istanbul Technical University	Turkey	48.611	47.864	45.819	42.503	56.064
481	Istanbul University	Turkey	32.185	36.085	21.387	37.453	47.215
369	Jadavpur University	India	44.636	61.227	40,84	9.888	10,82
335	Jagiellonian University	Poland	47.824	56.835	37.082	47.966	39.849
286	Jawaharlal Nehru University	India	53.766	85.121	25.699	30.672	46.815
180	Johann Wolfgang Goethe University Frankfurt am Main	Germany	66.127	72.066	56.631	68.694	57.854
350	Johannes Kepler University of Linz	Austria	46.592	43.212	43.215	61.783	45.138
20	Johns Hopkins University	USA	88.739	87.683	85.778	76.366	92.477
547	Jordan University of Science and Technology	Jordan	20.401	11.079	18.238	52.691	29.742
251	Juntendo University	Japan	57.997	69.699	48.876	18.355	72.343
559	Kafrelsheikh University	Egypt	15.004	8.874	17.747	24.023	15.501
243	Kanazawa University	Japan	58.819	63.479	59.238	17.248	63.857
141	Karlsruhe Institute of Technology	Germany	70.998	78.635	61.249	76,87	50.707
12	Karolinska Institute	Sweden	92.048	91.394	89,97	71.991	97.614
110	Katholieke Universiteit Leuven (KU Leuven)	Belgium	74.072	58.237	82.431	71.276	87,92
487	Kazakh National Pedagogical University	Kazakhstan	31.626	43.836	22.713	13.419	26.729
551	Kazakh National Technical University	Kazakhstan	19.433	19.754	22.085	14.949	4.614
325	Keele University	UK	48.823	39.848	49.603	62.998	54.553
304	Keio University	Japan	51.446	50.966	51.701	30.273	60.001
528	King Abdulaziz University	Saudi Arabia	23.559	23.965	10.284	60.156	33.025
404	King Fahd University of Petroleum and Minerals	Saudi Arabia	40.851	47.412	19.441	65.612	67.142
556	King Mongkut's University of Technology Thonburi	Thailand	17.816	13.847	17.755	15,73	33.002
453	King Saud University	Saudi Arabia	35.567	41.481	15.631	50.553	70.966
28	King's College London	UK	85.258	72.916	91.221	90.351	81.298
520	Kingston University	UK	25.723	14,81	21.202	70.014	37.742
219	Kobe University	Japan	61,75	71.381	56.495	26.379	61.831
367	Koc University	Turkey	44.778	33.598	50.921	47.841	50.132
292	Korea University	Republic of Korea	53.089	43.614	56.169	38.629	81.924
507	Kuwait University	Kuwait	27.846	25.184	13.545	59.779	60.103
545	Kyiv National Economic University	Ukraine	20.771	27.169	13.137	11.234	30.416
36	Kyoto University	Japan	83.686	91.328	81.156	40.986	81.677
443	Kyung Hee University	Republic of Korea	36.894	36.333	29.781	34.752	62.551
418	Kyungpook National University	Republic of Korea	39.587	30.299	41.364	33.348	68.502
145	Kyushu University	Japan	70.564	84.669	59.078	34.994	75.927
415	La Trobe University	Australia	39,73	23.956	43.366	67,61	50.971
552	Lahore University of Management Sciences	Pakistan	19.147	22.309	5.563	34.865	42,65
182	Lancaster University	UK	66.099	59.216	64.774	84.752	61.097
282	Lehigh University	USA	54.209	52.146	51.662	40.991	72.867
74	Leiden University	Netherlands	77.969	72,04	80.706	65.205	82.028
222	Linköping University	Sweden	61.371	47.603	70,21	63.882	61,48
444	Liverpool John Moores University	UK	36.817	19.242	46.225	56.552	40.183
234	Lomonosov Moscow State University	Russia	60.365	71.005	38.509	77.292	72.525
101	London School of Economics and Political Science	UK	75.198	77.115	65.043	95.972	64.731
211	Loughborough University	UK	62.931	58.945	59.156	76,29	62.903
56	Ludwig Maximilian University of Munich	Germany	80.671	83.528	76.672	77.524	63.229
64	Lund University	Sweden	79,48	65.461	90.404	73.608	74.928
117	Maastricht University	Netherlands	73,75	68.227	72.578	88.958	63.262
365	Macquarie University	Australia	44.891	30.155	45.471	85.485	49.146
294	Mahidol University	Thailand	52.555	62.867	38.015	49.537	58.036
554	Makerere University	Uganda	18.517	6,15	19.787	48.441	29.505
492	Manipal University	India	30.771	41.333	15.079	46.447	26.084
539	Mansoura University	Egypt	21.826	10.193	31.611	18.746	27,03
3	Massachusetts Institute of Technology (MIT)	USA	97.462	100	91.551	90.323	89.384
379	Massey University	New Zealand	44.118	32.901	43.431	76,07	48.103
24	McGill University	Canada	88.275	79.612	91.065	89.804	84.995
148	Medical College of Georgia	USA	70.101	81.697	62.285	27.383	78,57
537	Metropolitan Autonomous University	Mexico	22.238	31.963	9,67	17.727	32.951
447	Miami University	USA	36.545	22.232	45,5	25.593	62.108
94	Michigan State University	USA	75.927	66.667	82.264	64.577	77.892
249	Michigan Technological University	USA	58.057	57.576	59,53	55.879	37.162
356	Middle East Technical University	Turkey	46.238	53,47	34.248	48.916	49,75
224	Missouri University of Science and Technology	USA	61.101	49,07	69.188	50.524	71,73
190	Monash University	Australia	65.303	40,87	76.747	87.031	79.421
523	Monterrey Institute of Technology and Higher Education	Mexico	24,64	24.232	11.849	58.249	38.713
564	Mordovia State University	Russia	13.356	20.203	3.685	9.619	26.041
318	Moscow Institute of Physics and Technology	Russia	49.882	68.574	26.989	66.888	33.002
287	Nagasaki University	Japan	53.414	57.637	49.578	22.701	69.305
78	Nagoya University	Japan	77.771	86.426	73.315	39.348	76.963
166	Nanjing University	China	67,55	84.226	52,73	35.491	73.321
206	Nanyang Technological University	Singapore	63.131	51.543	59.437	91.031	81.073
394	National Autonomous University of Mexico	Mexico	41.878	49.757	30.304	40.126	46.998
364	National Central University	Taiwan	45.496	52.023	33.356	39.012	63.675
260	National Cheng Kung University	Taiwan	56,37	65.558	44.953	35.135	72,31
214	National Chiao Tung University	Taiwan	62.615	68.759	52.401	42.452	83.837
435	National Chung Cheng University	Taiwan	37.627	35,6	35.707	21.713	61.733
385	National Chung Hsing University	Taiwan	43.479	46.321	38.407	21.357	64.803
210	National Graduate School of Engineering, Paris	France	62.989	83.636	36.354	58.906	74.083
475	National Research Nuclear University MEPhI (Moscow Engineering Physics Institute)	Russia	32.983	39,05	26.258	25,09	34.131
259	National Sun Yat-Sen University	Taiwan	56.456	56.609	55.046	28.563	75.753
543	National Taipei University of Technology	Taiwan	21.086	17.331	15.555	19.672	58.488
407	National Taiwan Normal University	Taiwan	40.554	50,18	27.104	28.043	58.946
494	National Taiwan Ocean University	Taiwan	30,61	17.258	38,23	16,95	62.886
146	National Taiwan University	Taiwan	70.454	72.536	68.381	46.101	75.308
312	National Taiwan University of Science and Technology	Taiwan	50.404	56.194	45,32	15.884	70.111
460	National Taras Shevchenko University of Kyiv	Ukraine	35.009	56.395	14.743	27.935	26.044
152	National Tsing Hua University	Taiwan	69.361	75.375	63,9	32,68	86.076
410	National University of Ireland, Galway	Ireland	40.108	33.633	34.717	63.646	54.703
446	National University of Ireland, Maynooth	Ireland	36.686	27.986	32.847	63.908	51.349
466	National University of Malaysia	Malaysia	34.211	44,81	17.683	46.234	36.223
497	National University of Science and Technology MISiS (Moscow Institute of Steel and Alloys)	Russia	29.906	50.675	6.357	30.257	31.976
521	National University of Sciences and Technology	Pakistan	25.525	37.313	9.955	32.634	26.124
86	National University of Singapore	Singapore	76.948	60.856	80.493	96.278	87.785
279	National Yang-Ming University	Taiwan	54.396	69.347	41,51	17.382	69.177
565	NED University of Engineering and Technology	Pakistan	13.115	18.451	2.844	25.783	16,86
357	New Jersey's Science & Technology Institute	USA	46.222	41.199	41.392	49.155	73.133
53	New York University	USA	81.334	86,53	77,82	60.893	70.465
143	Newcastle University	UK	70.832	61.988	72.206	75,41	77.043
281	Niigata University	Japan	54.243	68.355	42,99	24.472	57.178
336	North Dakota State University	USA	47.743	46.864	45.408	30.753	66.401
422	Northwestern Polytechnical University	China	39.409	51.799	23.939	15.673	67.548
21	Northwestern University	USA	88.453	94.718	84.421	57.929	84.256
116	Norwegian University of Science and Technology	Norway	73.869	77.425	70.036	51.708	76.366
417	Novosibirsk State University	Russia	39.648	54.628	23.157	35.776	37.711
501	Oakland University	USA	28.635	21.876	30.157	26.208	46.283
454	Ocean University of China	China	35.563	41.621	27.152	27.811	43,5
47	Ohio State University	USA	81.643	76.356	86.918	61.578	78.279
270	Okayama University	Japan	55.622	59.702	54.593	19,12	65.192
420	Old Dominion University	USA	39.497	27.314	47,68	31.328	54.672
476	Open University	UK	32.527	15.685	42.622	50.518	32.755
208	Oregon State University	USA	63.101	64.325	60.761	42.954	70.728
218	Osaka City University	Japan	62.056	65,86	61.154	24.608	71.316
392	Osaka Prefecture University	Japan	42.789	46.079	40.804	15,85	53.632
50	Osaka University	Japan	81.445	88.608	77.277	43.194	84,81
563	Ostrogradskiy National University of Kremenchuk	Ukraine	13,51	22.019	2.145	29.747	3.421
405	Oxford Brookes University	UK	40.812	31,15	40.572	69.724	40.135
439	Panjab University	India	37.358	37.043	38.009	17.319	46.599
412	Paris Dauphine University - Paris 9	France	39.856	30.541	42.447	64.983	29,24
396	Paris Institute of Political Studies (Sciences Po)	France	41.536	58,2	21.272	54.835	28.876
59	Peking University	China	80.501	95.685	59,07	76.259	87.419
428	Peoples Friendship University of Russia	Russia	38,51	68.545	7,51	43.186	24.294
62	Pierre and Marie Curie University	France	79.959	95.806	68.082	73.599	42.665
293	Polytechnic Institute of New York University	USA	52.942	50.526	49.668	60.895	52.786
328	Polytechnic University of Catalonia	Spain	48.565	56.547	38.801	42.593	47.562
419	Polytechnic University of Madrid	Spain	39.533	53.243	23.536	36,14	40.668
319	Polytechnic University of Milan	Italy	49.503	43.707	50.758	45.866	58.561
380	Polytechnic University of Turin	Italy	44,08	41.888	45.064	33.567	47.404
346	Polytechnic University of Valencia	Spain	46.693	54.976	38.133	35.616	45.263
299	Pompeu Fabra University	Spain	52,19	43.029	56.047	57,42	53.837
527	Portland State University	USA	23.608	14.295	23,37	31.596	50.822
532	Prince of Songkla University	Thailand	23,21	22.712	20.214	25.783	28.763
8	Princeton University	USA	94.604	92.557	94.224	79.238	92.644
76	Purdue University	USA	77,9	62.663	88.846	67.115	85.003
384	Pusan National University	Republic of Korea	43.541	40.828	39.393	35.946	69.583
82	Queen Mary, University of London	UK	77.113	61.479	85	88.336	75.172
162	Queen's University	Canada	67,64	53.417	74.645	66.134	80,85
240	Queen's University Belfast	UK	59.388	50.223	56.906	84.927	64.501
382	Queensland University of Technology	Australia	43.979	25,39	51.093	66.633	56.883
150	Radboud University Nijmegen	Netherlands	69.476	63.737	70.969	62.691	74.275
128	Rensselaer Polytechnic Institute	USA	72.608	61.778	80.327	50.414	88.946
44	Rice University	USA	82.724	80.255	82.385	68.401	85.161
549	Riga Technical University	Latvia	19.635	25.991	11.424	16.764	24.851
455	RMIT University	Australia	35.541	25,77	31.606	81.549	34.466
209	Royal College of Surgeons in Ireland	Ireland	63.012	45,08	72.123	70.664	74.713
220	Royal Holloway, University of London	UK	61,63	51.759	62,15	86.837	55.936
46	Royal Institute of Technology (KTH)	Sweden	82.331	87,03	73.585	76.516	80.671
231	Ruhr University Bochum	Germany	60.687	48.486	65.686	64.661	69,77
35	Heidelberg University	Germany	84.229	91.211	74,4	83.758	70.266
77	Rutgers the State University of New Jersey	USA	77.849	63.894	94.113	40.078	85.539
111	RWTH Aachen University	Germany	74.021	87.216	61.013	70.528	52.772
300	Saint Petersburg State University	Russia	52.001	77.658	25.129	52.643	39.253
461	San Diego State University	USA	34.922	12.592	54.029	23.667	51.801
343	Sapienza University of Rome	Italy	47.114	43.335	48.232	50.379	40.398
297	School of Oriental and African Studies	UK	52.367	71.409	27.184	74.808	37,36
434	Sechenov First Moscow State Medical University	Russia	37.761	55.301	17.863	37.622	35.985
333	Semmelweis University	Hungary	48,12	53.915	36.587	52.194	53.957
126	Seoul National University	Republic of Korea	72.911	81.494	61.946	50.447	85.598
170	Shanghai Jiao Tong University	China	67.292	81.616	53.797	41,84	70.388
524	Shanghai University	China	24.414	23.578	22.375	14.174	41,4
261	Sharif University of Technology	Iran	56.339	51.827	61.398	23.947	72.704
525	Sheffield Hallam University	UK	24.025	14.428	24.096	50,62	29.718
541	Siberian Federal University	Russia	21.514	39,83	6.805	4.158	17.337
442	Sichuan University	China	37.027	48.721	25.959	13.566	48.641
337	Simon Fraser University	Canada	47.673	25.905	56.434	69.715	67.139
102	St. George's University of London	UK	75,19	60.012	85.404	67.669	82.513
4	Stanford University	USA	97.225	97,21	98.472	69.056	92.192
163	State University of Campinas (Unicamp)	Brazil	67.621	84,19	52.472	31,61	79.848
323	State University of New York, Albany	USA	49.025	41.944	47,34	46.059	76.851
483	State University of New York, Binghamton	USA	32.005	23.664	31.837	33.693	58,9
138	State University of New York, Buffalo	USA	71.943	64.014	73.633	66.368	83.754
188	Stockholm University	Sweden	65.393	42.623	84.555	63.083	63.922
534	Sultan Qaboos University	Oman	23.053	22.499	9.482	51.384	47.913
332	Sungkyunkwan University	Republic of Korea	48.183	37.285	50.676	36.591	84,57
341	Swansea University	UK	47.131	36.447	49.637	59.296	55.659
119	Swedish University of Agricultural Sciences	Sweden	73,49	74.027	74.055	38.829	84.168
429	Swinburne University of Technology	Australia	38.221	19.401	43.714	64.491	57.344
437	Taipei Medical University	Taiwan	37,41	26.761	39.847	26.779	75.324
531	Tallinn University of Technology	Estonia	23.262	22.368	17.271	25.599	44.612
557	Tamkang University	Taiwan	16.471	8.242	17.978	21,49	36.391
130	Technical University of Denmark	Denmark	72.534	79,81	60,59	75.137	67.197
359	Technical University of Lisbon	Portugal	45.965	43,24	44,12	43.829	54.489
66	Technical University of Munich	Germany	78.957	85,55	70.331	82,57	58.337
107	Technion Israel Institute of Technology	Israel	74.532	62.489	84.919	51.074	85.035
204	Tehran University of Medical Sciences	Iran	63.508	83,13	50.931	14.393	66.243
172	Tel Aviv University	Israel	67.013	52.472	77.495	46.933	87.197
129	Texas A&M University	USA	72.561	55.091	91.621	52.541	65.089
438	Texas Tech University	USA	37.359	27.645	41,83	26.067	62.423
517	Thammasat University	Thailand	26.313	21.153	29.775	28.842	22,8
298	Tianjin University	China	52.327	72.085	37,47	15.454	54.522
288	Tilburg University	Netherlands	53,39	34.954	63.488	58.339	69.104
57	Tohoku University	Japan	80.632	86.523	76.358	45.311	87.276
29	Tokyo Institute of Technology	Japan	85.252	90,86	83.062	49.274	82.902
153	Tokyo Medical and Dental University	Japan	69.348	82,99	62.259	23.079	69.344
285	Tokyo Metropolitan University	Japan	53.918	50.308	59.948	23.355	60.359
217	Tokyo University of Agriculture and Technology	Japan	62.167	68.643	61.008	25,03	59.881
362	Tokyo University of Science	Japan	45.656	33.615	57.956	27.058	51.251
493	Tomsk Polytechnic University	Russia	30,63	46.069	11.468	39.394	27.317
317	Tongji University	China	50.147	59.973	37.256	45.923	52.486
373	Toyohashi University of Technology	Japan	44.441	45.904	36.929	36.598	66.639
567	Transport and Telecommunication Institute	Latvia	7,46	5.332	5.542	7.293	23.818
174	Trinity College Dublin	Ireland	66,83	60.397	63.001	86.823	69.463
87	Tsinghua University	China	76,78	87.229	63.179	60.514	84,62
22	Tufts University	USA	88.371	85.985	91.508	59.386	89.423
212	Umeå University	Sweden	62.775	44.273	75.805	61.982	68.852
495	United Arab Emirates University	United Arab Emirates	30.482	30.032	14.694	82.403	35.659
530	Universidad Autonoma de Nuevo Leòn	Mexico	23.267	23.572	21.314	18.108	29.153
515	Universidade Federal do Ceará	Brazil	26.793	39.582	15.218	18.024	22.222
516	Universiti Putra Malaysia	Malaysia	26.529	27,89	18.661	30.727	42.886
566	Universiti Utara Malaysia	Malaysia	11.095	11.091	1.865	47.908	7.731
203	University Catholique de Louvain	Belgium	63.534	55.563	64.036	69,46	70.553
351	University College Cork	Ireland	46.568	29.235	50.981	70.252	64.048
213	University College Dublin	Ireland	62.667	44.639	70.811	75.678	73.199
13	University College London	UK	91.305	86.089	88.182	98.103	92.227
505	University Institute of Lisbon	Portugal	28.052	27.003	24.924	28.833	37.216
142	University of Aberdeen	UK	70.918	59.858	73.525	84,46	71.442
185	University of Adelaide	Australia	65.653	45.475	73.933	82.937	79.635
295	University of Akron	USA	52,49	55.264	52.161	35.485	43.603
124	University of Alberta	Canada	73.125	59.246	78.073	74.479	89.106
63	University of Amsterdam	Netherlands	79.551	65.289	92.264	64.234	78,72
252	University of Antwerp	Belgium	57,98	50.809	54.423	66.734	78.488
122	University of Arizona	USA	73.219	73.923	71.346	50.566	80.688
194	University of Arkansas	USA	64.781	53.291	74.963	36.378	82.513
254	University of Auckland	New Zealand	57.313	43.308	58.949	92.223	55.833
228	University of Barcelona	Spain	61,01	63.721	57.459	58.867	47.444
424	University of Bari	Italy	39.386	28.168	46.218	34.503	52.565
45	University of Basel	Switzerland	82.601	84.393	79.435	82.869	61.727
198	University of Bath	UK	64.471	54.871	63.306	86.251	68.231
137	University of Bergen	Norway	71.963	68,64	71.925	75,44	60.128
81	University of Bern	Switzerland	77.186	64.103	87.097	72,75	72,09
108	University of Birmingham	UK	74.498	59.862	82.277	77.888	78.234
264	University of Bologna	Italy	55,98	58.448	54.077	52.615	39.014
168	University of Bonn	Germany	67.373	79.651	53.661	69.488	49.328
280	University of Bradford	UK	54.284	43.623	56.361	78.073	49.066
48	University of Bristol	UK	81,63	68.759	88.489	83.976	80.335
496	University of Bucharest	Romania	30.141	28.187	26.118	37.485	39.396
34	University of California, Davis	USA	84.232	77.852	87.384	71.988	85.826
156	University of California, Irvine	USA	68.649	56.182	74.061	66,08	81.949
23	University of California, Los Angeles	USA	88.335	82.975	93.929	63.637	86.942
197	University of California, Riverside	USA	64.548	44.657	73.716	77.328	78.641
52	University of California, San Diego	USA	81.339	75.513	86.551	55.769	87.117
131	University of California, Santa Barbara	USA	72.329	48.754	86.836	77,25	85.388
230	University of California, Santa Cruz	USA	60.688	39,14	78.459	41,46	80.826
11	University of Cambridge	UK	93.006	86.413	93.134	94,17	91.278
471	University of Canberra	Australia	33,89	18.887	39.903	56.065	39.127
338	University of Canterbury	New Zealand	47.508	28.546	54.633	84.614	44.404
187	University of Cape Town	South Africa	65.466	46.093	74.548	82.298	72.605
395	University of Central Florida	USA	41.765	25.016	51.743	39.812	61.916
7	University of Chicago	USA	94.682	96.341	93.786	74.957	82,95
425	University of Chile	Chile	38.987	42.333	28.289	39.085	59.786
193	University of Cincinnati	USA	64,87	69.742	61.909	34.839	69.248
397	University of Coimbra	Portugal	41.489	46.411	30.404	52.476	43,58
127	University of Cologne	Germany	72.837	72.549	73.435	70.047	50.975
510	University of Colombo	Sri Lanka	27.564	42.373	13.132	24,28	20.275
144	University of Colorado	USA	70,72	58.308	81.475	53.599	75,25
112	University of Copenhagen	Denmark	74.008	73.753	69.871	76.079	67.722
309	University of Crete	Greece	50.515	41.213	57,9	47.058	47.116
244	University of Delaware	USA	58.431	49.361	61.637	42.189	85.129
232	University of Dundee	UK	60.477	44.195	69.821	67.113	65.488
164	University of East Anglia	UK	67.608	52.482	76.291	78.535	63.077
526	University of East London	UK	23.925	15.638	18.462	58,42	39,96
49	University of Edinburgh	UK	81.546	72.129	83,74	88.513	80.453
85	University of Erlangen, Nuremberg	Germany	77.056	83.136	71.709	64.814	62.493
207	University of Essex	UK	63.116	61.566	54.479	87.299	61.686
235	University of Exeter	UK	60.226	44.574	69.076	70.398	60.628
347	University of Ferrara	Italy	46.643	30.694	61.154	40.757	45,23
123	University of Florida	USA	73.174	60.273	84.805	45.432	87.264
83	University of Freiburg	Germany	77.099	91.245	61.315	72.044	64.994
258	University of Fribourg	Switzerland	56.799	47.927	56.611	83.257	49.872
161	University of Georgia	USA	67.721	60.464	73.283	50.295	73.599
71	University of Glasgow	UK	78.236	67.421	83.535	77.609	79.109
553	University of Gloucestershire	UK	18.871	15.522	11.843	39.234	37.098
200	University of Gothenburg	Sweden	64,35	48.646	76.002	57.634	70.106
349	University of Graz	Austria	46.626	45.577	41.549	58.268	46.283
513	University of Greenwich	UK	26.995	11.666	28.043	67.838	37.376
121	University of Groningen	Netherlands	73.346	54.125	87.906	58.925	87.874
296	University of Guelph	Canada	52.405	35.588	61.254	48.612	76.675
65	University of Göttingen	Germany	79.051	65.626	87.826	71.362	83.838
177	University of Hannover	Germany	66.528	73,96	56.621	66.438	56.151
54	University of Helsinki	Finland	81,27	81.822	82.874	58.607	70.896
468	University of Hertfordshire	UK	34.113	18.017	36.115	75.178	41.113
99	University of Hong Kong	Hong Kong	75,25	63.549	74.918	89.372	90.139
306	University of Houston	USA	51.099	45.444	50.794	50.176	63.038
308	University of Hull	UK	50.538	31.775	62.183	67.231	48.151
465	University of Iceland	Iceland	34.533	15.946	41.818	52.951	54.514
310	University of Idaho	USA	50.514	42.484	54.225	30.904	76.533
73	University of Illinois at Chicago	USA	78.083	80.676	73.327	60.206	82.995
75	University of Illinois at Urbana - Champaign	USA	77.926	68.637	83.912	63.882	84.072
503	University of Indonesia	Indonesia	28.241	44.425	12.959	29.572	12.971
305	University of Innsbruck	Austria	51.227	48,11	43.251	84.822	47.111
96	University of Iowa	USA	75.667	78.177	75.219	41.937	80.143
184	University of Kansas	USA	65.884	75.986	57.214	42.038	64.922
347	University of Kent	UK	46.643	35.463	48.421	71.779	46.124
159	University of Kiel	Germany	68.107	69.658	64.662	61.131	62.608
276	University of Konstanz	Germany	54.972	50.037	49.355	75.696	61.893
433	University of KwaZulu Natal	South Africa	37,86	23,84	41.099	47,13	64.716
51	University of Lausanne	Switzerland	81.415	65.429	92.443	82.858	76,47
176	University of Leeds	UK	66.637	52.295	74.664	72.373	67.753
199	University of Leicester	UK	64.381	51.416	67.684	82.721	67.149
456	University of Limerick	Ireland	35.348	28.359	31.389	55.444	51.233
366	University of Lisbon	Portugal	44.794	45,7	36.362	59.384	48.033
92	University of Liverpool	UK	76.359	60.449	85,6	80.663	77.615
149	University of Liège	Belgium	70.058	79.688	58.321	64.256	63.332
463	University of Lucerne	Switzerland	34.704	41.897	20.683	69.405	14.872
498	University of Lódz	Poland	29.432	42.743	16.604	19.283	28.923
511	University of Macau	Macau	27.412	26,73	22.384	34.365	36.748
30	University of Manchester	UK	85.195	87.565	76.934	89.931	79.053
242	University of Manitoba	Canada	59.289	42.896	70.076	52.012	74.481
469	University of Marrakech Cadi Ayyad	Morocco	34.075	40.465	25.297	27.418	41.376
80	University of Maryland, College Park	USA	77.273	73.689	81.118	57.314	73.933
179	University of Massachusetts	USA	66.287	60.097	70,2	48.025	76,23
89	University of Melbourne	Australia	76.647	53.759	89.349	90.321	83.404
109	University of Miami	USA	74.225	84.559	62.655	54.454	78.115
41	University of Michigan	USA	83.206	77.251	86,19	68.427	86.839
401	University of Milan	Italy	41.054	36.999	37,79	47.005	54.561
427	University of Milan - Bicocca	Italy	38.735	25.674	48.967	31.407	47.825
43	University of Minnesota	USA	82.775	77.458	90.779	43.703	88.375
114	University of Missouri	USA	73,96	71.657	76.188	44.518	83.999
550	University of Monastir	Tunisia	19.632	23.293	7,83	26.846	42.218
399	University of Mysore	India	41.468	64.697	17.414	26.268	48.548
268	University of Navarra	Spain	55.892	55.654	49.542	55.471	68.429
158	University of Nebraska	USA	68.178	62.326	72.174	45.045	81.137
113	University of New South Wales	Australia	73.978	65.515	75.969	87.601	64,27
374	University of Newcastle	Australia	44.436	19,08	55.938	70.251	64.661
25	University of North Carolina	USA	87.164	90,23	86.327	54.483	85.925
542	University of Northampton	UK	21.474	11.477	21.765	52.349	23.953
100	University of Nottingham	UK	75.247	65.723	78.687	82.113	71.086
477	University of Nova de Lisboa	Portugal	32.478	28.782	26.768	54.137	40.355
269	University of Nova Gorica	Slovenia	55.688	62.722	48.328	40.079	56.756
196	University of Oklahoma	USA	64.621	74.211	55.409	42.609	66.799
90	University of Oslo	Norway	76.552	68.063	82.573	73.354	66.895
272	University of Otago	New Zealand	55,38	37.917	60.829	86.031	57.862
263	University of Ottawa	Canada	55.998	41.252	65.972	42,43	75.562
17	University of Oxford	UK	89.375	84.976	85.143	94.878	93.739
266	University of Padua	Italy	55.898	38.877	70.641	41.727	64,85
352	University of Pavia	Italy	46.509	31.278	58.168	39.816	55.809
15	University of Pennsylvania	USA	91.079	95.546	88.357	65.968	82.106
376	University of Pisa	Italy	44,19	28.777	58.229	31,11	51.476
31	University of Pittsburgh	USA	85.039	88.304	86.061	46.359	81.908
450	University of Plymouth	UK	35.861	19.821	40.562	63.549	44.956
381	University of Porto	Portugal	43.999	42.968	43.171	44.866	37.257
474	University of Portsmouth	UK	32.997	15.014	37.966	70.201	39,85
391	University of Pretoria	South Africa	43,18	35.064	46.484	49.673	43.961
459	University of Puerto Rico	Puerto Rico	35.088	43.011	29,31	25.178	24.971
634	University of Qatar	Qatar	32.576	24.992	16.929	85.907	65.952
88	University of Queensland Australia	Australia	76,66	62.493	83.187	82.216	80.779
140	University of Reading	UK	71.226	59.599	76,83	81,62	64.128
441	University of Salamanca	Spain	37.037	47.205	23.837	42.109	32.835
490	University of Salento	Italy	30.931	23,69	31.671	28.459	53,7
452	University of Salford	UK	35.695	27.325	33.174	63.233	42.768
358	University of Saskatchewan	Canada	46.154	42.237	39.235	59.744	65.408
84	University of Sheffield	UK	77.093	67.469	81.622	78,53	74.037
560	University of South Africa	South Africa	14.827	6.243	12.089	34.037	40.167
416	University of South Australia	Australia	39.675	26.129	38.982	74.353	52.747
205	University of South Carolina	USA	63.444	63.166	63.436	37.949	73.321
353	University of South Dakota	USA	46.504	60.392	34.094	16.978	58.043
98	University of Southampton	UK	75.504	66.434	77.723	83.485	73.501
26	University of Southern California	USA	86.481	92.316	82,67	62.915	75.896
289	University of Southern Denmark	Denmark	53.245	51.869	45,27	73.669	55.491
104	University of St. Andrews	UK	74.894	62.709	78.219	92.577	71.285
329	University of Stirling	UK	48.459	42.884	45.432	66.982	51.126
173	University of Strasbourg	France	66.931	56,79	72.949	83.602	45.335
283	University of Strathclyde	UK	54.165	43.638	55,87	67.499	62.037
183	University of Surrey	UK	65.951	62.424	58.942	83.533	72.811
151	University of Sussex	UK	69,4	59.146	73.722	79.881	62.361
147	University of Sydney	Australia	70.299	54.428	77.485	88.302	67.117
154	University of São Paulo	Brazil	69.241	84.383	58,42	38.622	61.543
303	University of Tampere	Finland	51.795	60.517	42.624	36.062	54.775
436	University of Tartu	Estonia	37.523	32.604	37.734	38.243	46.227
355	University of Tasmania	Australia	46.245	29.307	50.683	74.703	56.434
189	University of Texas at Dallas	USA	65.358	41.749	87,56	45,29	74.155
334	University of Texas at San Antonio	USA	47.989	20.812	73,42	29.372	62.409
548	University of the Sinos Valley	Brazil	19.888	14.344	24.505	15.912	22.367
522	University of the West of England	UK	24.675	17.645	22.239	48.139	33.401
253	University of Tokushima	Japan	57.475	61.085	55.053	12.114	85.129
33	University of Tokyo	Japan	84.483	92.853	78.759	46.119	88.573
38	University of Toronto	Canada	83.401	69.603	90.371	83.156	88.215
321	University of Trento	Italy	49.256	37.181	55.504	56.127	52.454
354	University of Trieste	Italy	46.306	30,53	59.667	47,89	40.915
216	University of Tromsø	Norway	62.252	68.365	51.669	66.501	57.487
165	University of Tsukuba	Japan	67.557	78.705	55.287	48.649	72.055
344	University of Turin	Italy	47.067	32.276	58,37	41.853	54.115
267	University of Turku	Finland	55.893	62.204	49.953	43.651	49.853
67	University of Twente	Netherlands	78.762	69.357	83.802	66.428	87.538
467	University of Ulster	UK	34.149	25,97	30.802	59.526	47.086
93	University of Utah	USA	76.033	61.839	92.227	41,19	82.362
400	University of Valencia	Spain	41.406	45.927	33.785	45.575	37.272
248	University of Vermont	USA	58.075	51.735	69.255	22.758	57.596
246	University of Victoria	Canada	58.262	24.713	80.621	76.359	70.816
307	University of Vienna	Austria	50.782	60.127	32.119	71.178	53.415
403	University of Vigo	Spain	40.995	55.773	28.842	19.885	39.405
39	University of Virginia	USA	83.348	85.828	84.003	50	79,96
388	University of Waikato	New Zealand	43.377	27.407	47.676	80.398	40.876
448	University of Warsaw	Poland	36.445	38.988	30.142	42.914	34.383
169	University of Warwick	UK	67.323	60.919	62.521	88.522	72.749
55	University of Washington	USA	80.808	81.519	78.046	61.438	86.083
227	University of Waterloo	Canada	61.069	40.995	70.394	76.742	73,09
132	University of Western Australia	Australia	72.315	56.682	77.987	86.645	78.529
470	University of Western Sydney	Australia	34.043	17.579	42.586	50.693	40.676
457	University of Westminster	UK	35.207	24.605	34.415	74,02	31,89
19	University of Wisconsin Madison	USA	89,02	85.349	94,17	59.114	87.633
271	University of Witwatersrand	South Africa	55.406	38.264	61.203	67.425	76.104
322	University of Wollongong	Australia	49,07	27.587	57.597	79.267	58.554
383	University of Wyoming	USA	43.876	37.447	44.597	29.053	72,9
180	University of Würzburg	Germany	66.127	67.312	65.483	51.666	58.689
103	University of York	UK	74.964	68.113	75.217	81.649	73.384
449	University of Zagreb	Croatia	36.257	50.002	27.566	11.642	29.091
14	University of Zurich	Switzerland	91.201	89.891	92.158	89.409	65.311
375	Université de Paris-Nord - Paris 13	France	44,23	31.003	49.258	63.207	46.085
215	Université Libre de Bruxelles	Belgium	62.504	50.137	64.333	80.552	70.186
70	Uppsala University	Sweden	78.423	62.884	91.803	63.522	80.294
42	Utrecht University	Netherlands	82.897	73.951	91.728	69.477	72.097
500	V.N. Karazin Kharkiv National University	Ukraine	28.675	37.333	13.532	43.656	31.729
37	Vanderbilt University	USA	83.412	87.707	82.892	44.688	83.198
250	Vienna University of Technology	Austria	58.019	75.029	34.946	75,02	47,08
499	Villanova University	USA	29.328	30.506	20.467	23.878	61.208
485	Vilnius University	Lithuania	31,8	33,15	28.373	21.536	42.664
238	Virginia Polytechnic Institute and State University	USA	59.643	49.051	64.601	45.498	82.544
72	VU University Amsterdam	Netherlands	78,12	60.209	94.277	56.651	85.804
421	Warsaw University of Technology	Poland	39.453	53.501	28.349	20.087	34.912
431	Waseda University	Japan	38.092	36.165	34.711	43.377	44.048
195	Washington State University	USA	64.777	53.524	71.987	47.566	82.251
186	Wayne State University	USA	65.584	73.398	58,91	40.201	67.884
135	Western University	Canada	72.118	63.686	75.581	65.613	79.118
508	Wuhan University of Technology	China	27.595	35.223	22.749	6.993	29.241
10	Yale University	USA	93.624	94.724	91.619	76.779	86.589
413	Yamaguchi University	Japan	39.839	46.108	32.086	18.768	57.607
115	Yeshiva University	USA	73,89	82,78	74.836	34.608	49.503
426	Yokohama City University	Japan	38.811	51.807	27.234	17.258	43.992
378	Yokohama National University	Japan	44.134	45.694	44.107	32.592	35.928
257	Yonsei University	Republic of Korea	57.054	56.818	49.919	48.751	81.812
430	York University	Canada	38,12	19.612	44.215	59.836	58.272
155	Zhejiang University	China	68.973	82.051	57.264	40,05	73.023
